time,command_model_x,command_model_y,command_model_theta,measured_model_x,measured_model_y,measured_model_theta,actual_x,actual_y,actual_theta,command_v,odom_v,wheel_derived_v,command_delta,left_steering,right_steering,rear_left_omega,rear_right_omega,command_position_error,measured_position_error,command_heading_error,measured_heading_error
0.020016555000000002,0.3379238116636649,0.043768069115492615,0.2373189026671649,0.3355877001158244,0.04322013539346735,0.23039211377205734,0.3356258636108281,0.043229098751577245,0.23038527391496635,0.12,0.00012372459066876598,0.008233858578793725,0.5235987755982988,0.6108652381980153,0.4385677132548776,0.1606394141061288,0.2510535148335574,0.0023603080957187964,3.9201966015781825e-05,0.006933628752198551,6.839857090989998e-06
0.040155718,0.34027277545325896,0.04433622919723025,0.24429531337474716,0.3358540270957817,0.04328260425384019,0.23118179946253528,0.3357515322950626,0.04329679720190924,0.23074940990536338,0.12,0.013583243135953153,0.01810894416496986,0.5235987755982988,0.6108652381980153,0.4385677132548776,0.3518009240282352,0.5536462842202579,0.004639187274559452,0.00010347281744178496,0.01354590346938378,0.0004323895571718972
0.060044611000000005,0.34258857771647794,0.04491349864063803,0.25118502801120735,0.33626855716782866,0.043380180610764534,0.23241114998910706,0.3360694578933591,0.04347174817767081,0.23171665512473583,0.12,0.021411926469048673,0.023039529916514614,0.5235987755982988,0.6108652381980153,0.4385677132548776,0.44836113857445625,0.7036153572512743,0.0066766434430518195,0.0002191463903499956,0.01946837288647152,0.0006944948643712312
0.080089697,0.34491850279886566,0.045511368123069586,0.25812884949002485,0.336762099901998,0.043496996322866056,0.23387524908936505,0.33648462335139734,0.0436993178807082,0.23297408073561637,0.12,0.025301902211472074,0.025527326631666493,0.5235987755982988,0.6108652381980153,0.4385677132548776,0.49751844364698167,0.7788478879363431,0.008626346191480519,0.00034340537110086333,0.025154768754408474,0.000901168353748677
0.10013749400000001,0.34724453478721634,0.046125484690779386,0.26507361008679026,0.3372939705554333,0.04362370642031825,0.2354535969618308,0.33694890321069254,0.04395266501523649,0.2343690795283258,0.12,0.02727260962517646,0.026781615951223383,0.5235987755982988,0.6108652381980153,0.4385677132548776,0.521749377468518,0.8173314200926511,0.010522412979062375,0.00047674440696984045,0.03070453055846445,0.001084517433504989
0.120079374,0.3495539797064036,0.046752410274477726,0.27198167995847855,0.33784237289870195,0.04375526998216951,0.23708161749023726,0.3374374615675251,0.04422032067322811,0.23583976619177113,0.12,0.028280325335075133,0.027422356372680836,0.5235987755982988,0.6108652381980153,0.4385677132548776,0.5343388436261195,0.8367789750079223,0.01237826682369261,0.000616624141085563,0.03614191376670742,0.001241851298466129
0.14016456800000002,0.3518756042101563,0.04739989457778495,0.27893939525605405,0.33840461469556227,0.04389112207683149,0.2387513770282166,0.3379382160343147,0.04449572772231306,0.2373481514973395,0.12,0.02879841097081714,0.027742655692569965,0.5235987755982988,0.6108652381980153,0.4385677132548776,0.5410685497528972,0.846064234875601,0.014236747321228649,0.000763593935126343,0.041591243758714536,0.0014032255308771002
0.160012801,0.3541653313062864,0.0480556870080924,0.2858150248553471,0.33896509876982067,0.04402754037390786,0.240416590601292,0.3384451171887651,0.044775612156949376,0.23887581466472654,0.12,0.02906288447964019,0.027927326704273923,0.5235987755982988,0.6108652381980153,0.4385677132548776,0.5443229965261569,0.8520433386875392,0.01605876778989652,0.0009110390975254521,0.046939210190620556,0.0015407759365654583
0.18016474700000001,0.35648546237292333,0.0487374825719367,0.292795863724024,0.33953658462275904,0.04416764486632423,0.24211518155878184,0.3389548813621363,0.04505806476114546,0.2404137660622907,0.12,0.029198627662553874,0.02799675980733592,0.5235987755982988,0.6108652381980153,0.4385677132548776,0.5458826639321815,0.8539553264346144,0.01791254828331621,0.0010635912149470675,0.0523820976617333,0.0017014154964911377
0.200037024,0.35876864546480514,0.04942577134165276,0.29967982240924046,0.34010127246745153,0.04430710001775609,0.24379426886345154,0.33946589605302346,0.0453422170104824,0.24195690181487153,0.12,0.029269565053182692,0.028044059739058894,0.5235987755982988,0.6108652381980153,0.4385677132548776,0.5468010595370164,0.8554019274159284,0.019729965809135552,0.0012145659210772467,0.057722920594368926,0.0018373670485800075
0.220037793,0.36106176817383345,0.050134312938070504,0.30660829202893025,0.3406701415338507,0.044448601620340776,0.24548649303654427,0.3399773847205682,0.04562763740963399,0.24350302154472644,0.12,0.02930905552274349,0.028068251964295726,0.5235987755982988,0.6108652381980153,0.4385677132548776,0.5473329757445391,0.8560796224702472,0.021560643541483952,0.001367493105936414,0.0631052704842038,0.001983471491817823
0.24002830100000003,0.3633487528796217,0.05085835358672414,0.3135332071339527,0.34123897658587987,0.044591117348264854,0.24717933101147158,0.3404889911583056,0.04591415228419114,0.2450508900340906,0.12,0.029334736081305098,0.028096764469668904,0.5235987755982988,0.6108652381980153,0.4385677132548776,0.5477511348929813,0.8570870885904638,0.023388326842151783,0.0015208220090645807,0.0684823170998621,0.002128440977380963
0.260095399,0.365639411616725,0.05160104856379847,0.32048465379324553,0.34181002948858263,0.04473521655250336,0.24887949276443166,0.3410005807544118,0.046201669874095345,0.24660002065063447,0.12,0.029349201735220858,0.028108789522081592,0.5235987755982988,0.6108652381980153,0.4385677132548776,0.5481027594595986,0.857336716644481,0.025223506427467533,0.001675020178284109,0.07388463314261107,0.0022794721137971985
0.28004323000000003,0.3679112689340857,0.05235514018731655,0.32739478515180503,0.342377722813012,0.044879495071982786,0.2505703801098434,0.3415119728786652,0.0464901086737709,0.24815009302741772,0.12,0.02936362145968056,0.028120087982501457,0.5235987755982988,0.6108652381980153,0.4385677132548776,0.5482426562984194,0.8577617428266535,0.027042955217147124,0.0018285510993916374,0.07924469212438731,0.0024202870824256706
0.300085694,0.37018861394972324,0.053128564333374484,0.33433769834317906,0.3429479007000743,0.04502543186178554,0.25226940034101775,0.3420230662335941,0.04677941522801449,0.2497006453610939,0.12,0.02936554471028549,0.0281211212102164,0.5235987755982988,0.6108652381980153,0.4385677132548776,0.5481815469402992,0.8578745135705206,0.028872301129484686,0.001982870757108891,0.08463705298208515,0.002568754979923843
0.320040561,0.37245060471553687,0.053914331792612076,0.341250267043635,0.34351558210025557,0.04517175781181321,0.2539617198926078,0.34253376184168866,0.04706951921214532,0.25125157222536915,0.12,0.029378130618421164,0.02812441353938925,0.5235987755982988,0.6108652381980153,0.4385677132548776,0.548317822661863,0.8579028543075995,0.030689883460193176,0.002136695896173084,0.08999869481826583,0.0027101476672386493
0.340061377,0.37471456735202685,0.05471836502338152,0.34818568114783255,0.34408483470548445,0.04531951656939307,0.25565946638674214,0.34304407552798777,0.04736045096532329,0.25280255632042353,0.12,0.029375258093501246,0.028140142739734905,0.5235987755982988,0.6108652381980153,0.4385677132548776,0.5484399437714723,0.8585671932152728,0.03251398086458035,0.0022909807668408375,0.09538312482740902,0.0028569100663186076
0.36000373300000005,0.376964049056917,0.055534867910165854,0.3550939159107578,0.34465191741949625,0.04546774017898396,0.257351489443547,0.34355408637883805,0.04765223736426562,0.254354225602809,0.12,0.029391410944263747,0.028154900231772917,0.5235987755982988,0.6108652381980153,0.4385677132548776,0.5486348168468266,0.8591101947418192,0.0343272700702195,0.002444843746814127,0.10073969030794877,0.002997263840738007
0.380262549,0.37924344260956816,0.05638009429553669,0.36211177563339564,0.3452279148540111,0.04561933555727108,0.2590708745160019,0.34406380745262033,0.047944911761723864,0.25590631384075757,0.12,0.029400161423721823,0.028172856037353037,0.5235987755982988,0.6108652381980153,0.4385677132548776,0.5490321314472194,0.8596106704204325,0.03617677478928575,0.0026006635162376945,0.10620546179263807,0.0031645606752443434
0.40001456,0.381459975707514,0.057219751928590745,0.3689540729541275,0.34578945474045136,0.045768158738185474,0.2607478643371816,0.3445733337380054,0.04823853146514083,0.2574591468205032,0.12,0.029410995913875054,0.02817568759937239,0.5235987755982988,0.6108652381980153,0.4385677132548776,0.5491638247457347,0.8596205552228849,0.037964281592041266,0.0027534871894880813,0.11149492613362433,0.0032887175166784184
0.420235499,0.38372319635971175,0.058094849674940496,0.37595881169907774,0.34636412966974817,0.04592149493377246,0.26246484633873596,0.3450825277079212,0.04853301749751875,0.2590123191271787,0.12,0.029414064919273994,0.028182802418477912,0.5235987755982988,0.6108652381980153,0.4385677132548776,0.5492583153356101,0.8598818055882854,0.03980615415292775,0.0029090468695974537,0.11694649257189906,0.0034525272115572547
0.44014743900000003,0.385945741634017,0.0589721646750284,0.38285651005053034,0.3469298162922471,0.04607347374769561,0.2641557507189315,0.34559132033264683,0.04882833191162606,0.26056565601601983,0.12,0.029416845342437204,0.028185973354984704,0.5235987755982988,0.6108652381980153,0.4385677132548776,0.5494210794854613,0.859877588263774,0.04160981448769454,0.003062811606553779,0.12229085403451051,0.0035900947029116614
0.460207898,0.3881787146001676,0.05987144702925675,0.3898056568927608,0.34749971043648203,0.04622761662709518,0.26586000853125247,0.3460997701437975,0.04912451477063418,0.26211941016654516,0.12,0.02942964685041475,0.02819435831132607,0.5235987755982988,0.6108652381980153,0.4385677132548776,0.5495065775974128,0.8602113379688904,0.04342964562984257,0.0032174293585285393,0.12768624672621565,0.0037405983647073038
0.48013221500000003,0.390390272972734,0.06078001658560846,0.3967076427627825,0.34806556985689363,0.04638170360867492,0.26755298343154116,0.34660789456629115,0.04942157061667845,0.26367352137743055,0.12,0.029434570261443416,0.028195508775758146,0.5235987755982988,0.6108652381980153,0.4385677132548776,0.5495209043619791,0.8602545344259283,0.045231747188828046,0.0033712918412948695,0.13303412138535192,0.003879462054110605
0.499980036,0.3925870411635301,0.06170028170695023,0.403583129641089,0.3486290594566643,0.04653617045869043,0.26923964813049445,0.34711561758198617,0.049719458511041335,0.2652277721629284,0.12,0.029437880903097017,0.02820358991095428,0.5235987755982988,0.6108652381980153,0.4385677132548776,0.5497198804867895,0.8604596150609242,0.04702329727894269,0.0035247452577837784,0.13835535747816058,0.004011875967566025
0.5201426760000001,0.3948121733739126,0.06265046494812036,0.4105676730200331,0.3492014850029606,0.04669412540186413,0.27095385535767375,0.3476229889790615,0.05001821510502284,0.2667824047956942,0.12,0.029451441003523475,0.028214617978247127,0.5235987755982988,0.6108652381980153,0.4385677132548776,0.5499588449990889,0.8607720539132675,0.048850720157943374,0.0036798399492520084,0.1437852682243389,0.0041714505619795395
0.540142742,0.3970127271844252,0.06360837984157443,0.41749589911337925,0.34976924614885524,0.04685184111534639,0.27265490151878263,0.34813012419777933,0.05031790177821194,0.2683376372408421,0.12,0.029462886543079832,0.028233617215108798,0.5235987755982988,0.6108652381980153,0.4385677132548776,0.5503665587563323,0.8613143019991074,0.050657138508829726,0.0038340966718593363,0.14915826187253717,0.004317264277940547
0.5600757660000001,0.39919923755505815,0.06457825551320072,0.4244009011766772,0.3503350848390315,0.04701006008009796,0.27435099178787065,0.3486370880109771,0.050618560676537784,0.26989372969798425,0.12,0.029475853942518306,0.028237282012851264,0.5235987755982988,0.6108652381980153,0.4385677132548776,0.5504859099020268,0.8613781907405362,0.05245382775785548,0.003988040845150573,0.154507171478693,0.0044572620898863935
0.580167583,0.4013963635529592,0.06557105223889673,0.4313609107487525,0.35090529886100286,0.047170545715640264,0.2760610104770185,0.3491436875028871,0.05092008219232702,0.27145021118551566,0.12,0.02948304029940501,0.0282368672217302,0.5235987755982988,0.6108652381980153,0.4385677132548776,0.5503936957220119,0.8614496653644981,0.05426779042580656,0.004142740441669859,0.15991069956323684,0.004610799291502821
0.600083994,0.4035674059094554,0.06657031618643053,0.43826015790003725,0.3514704712247966,0.04733065590060781,0.2777567282997673,0.3496498692236968,0.05122243330322407,0.27300681209994404,0.12,0.029493962785774864,0.02825712493165585,0.5235987755982988,0.6108652381980153,0.4385677132548776,0.5508779300143153,0.8619783165684771,0.05605941732890868,0.0042965710744642775,0.1652533458000932,0.004749916199823234
0.6200443170000001,0.4057362739139169,0.06758677095504019,0.44517461661433444,0.35203683012149795,0.04749214018463276,0.2794568252917548,0.3501558381954851,0.051525733806681115,0.2745641017960346,0.12,0.02950507732682928,0.028263650573411864,0.5235987755982988,0.6108652381980153,0.4385677132548776,0.5509645750164056,0.8622179536541876,0.05785448771643994,0.004450618848379916,0.17061051481829986,0.00489272349572023
0.6401451490000001,0.4079132796165898,0.06862545849643929,0.4521377490740157,0.3526071339882899,0.047655798191736494,0.28116959703118527,0.35066154573977126,0.05182996084385454,0.2761220191565867,0.12,0.029517262513927,0.02827090761356982,0.5235987755982988,0.6108652381980153,0.4385677132548776,0.5512018283253588,0.8623435523531323,0.059664476644817985,0.004605317304932533,0.17601572991742903,0.0050475778745985855
0.6600754360000001,0.4100645911443515,0.0696703383962908,0.4590418030127016,0.3531724165281427,0.0478190636943368,0.28286812574304576,0.35116691007518125,0.05213506541778494,0.27768032760687944,0.12,0.02952228462196243,0.02829274346625702,0.5235987755982988,0.6108652381980153,0.4385677132548776,0.5516479787584789,0.8629891945543722,0.06145260477600941,0.004759193945373238,0.18136147540582215,0.0051877981361663226
0.6800727000000001,0.41221584275490086,0.07073360726158444,0.4659690584647752,0.3537398437591703,0.04798399333103927,0.28457393798255326,0.35167210859205533,0.05244115881728486,0.2792396277984756,0.12,0.029549577052139033,0.028309277426619643,0.5235987755982988,0.6108652381980153,0.4385677132548776,0.5519722463876985,0.8634916249432837,0.06324679767757943,0.004913435955937838,0.1867294306662996,0.005334310184077651
0.700124953,0.4143655724458839,0.07181471747850059,0.4729153626652203,0.3543087112375405,0.048150394479507586,0.28628493075031225,0.3521771553010677,0.05274824517728172,0.2807997443742813,0.12,0.02955803924019412,0.028311698079774034,0.5235987755982988,0.6108652381980153,0.4385677132548776,0.5520026879393971,0.8635822160493044,0.06504559626132131,0.005067914931146195,0.19211561829093898,0.00548518637603096
0.7202401890000001,0.4165144690434232,0.07291417669626087,0.47988348481686804,0.3548792413762651,0.0483183422075339,0.2880017861085723,0.35268177666277806,0.053056169232466435,0.2823601159758521,0.12,0.02956645111947191,0.028321384699326737,0.5235987755982988,0.6108652381980153,0.4385677132548776,0.5523072784207258,0.8637619565456109,0.06685022869814425,0.005222629231067596,0.19752336884101598,0.00564167013272021
0.740151141,0.4186339071841863,0.07401726531688269,0.48678084091508106,0.3554437762038035,0.048485578833607955,0.2897014617163588,0.3531861037182275,0.05336500263657971,0.28392089014761945,0.12,0.029570906595240577,0.02832107264214603,0.5235987755982988,0.6108652381980153,0.4385677132548776,0.5523484557921458,0.8637051763151558,0.06862893655255779,0.0053764171807193575,0.2028599507674616,0.005780571568739346
0.760082959,0.4207478996488088,0.07513611739380123,0.49368542520772424,0.35600853166328433,0.04865392548526484,0.2914026606174711,0.35368991257717247,0.05367461402959705,0.28548154860223296,0.12,0.02956642420181549,0.028323001190613692,0.5235987755982988,0.6108652381980153,0.4385677132548776,0.5524310251827105,0.8637190343479741,0.07040859149813675,0.0055302177105129285,0.20820387660549128,0.00592111201523815
0.780108373,0.4228640069673636,0.07627486125477564,0.5006224321058445,0.3565758500804366,0.04882408753581587,0.2931124493712061,0.35419325956737674,0.05398504099660925,0.28704235262449607,0.12,0.02957682664317319,0.02832589580239615,0.5235987755982988,0.6108652381980153,0.4385677132548776,0.5523758227865649,0.8639189673332427,0.07219769827088787,0.005684380192896837,0.21358007948134836,0.006070096746710052
0.800030623,0.4249613034647664,0.077422315154016,0.5075237019460622,0.35714009664982216,0.048994380288965106,0.2948138551939463,0.3546962438647831,0.054296339528514766,0.28860340322862127,0.12,0.02958422195564899,0.028332215349430534,0.5235987755982988,0.6108652381980153,0.4385677132548776,0.5525981109051427,0.8640126565663839,0.07397289604456812,0.005838080867270439,0.21892029871744095,0.006210451965325048
0.8200234120000001,0.4270580289047538,0.07858832958020816,0.5144494072126631,0.3577060542044328,0.04916624060065981,0.29652129948380535,0.35519886473735796,0.054608509694102414,0.2901647574988319,0.12,0.02958446929169477,0.02832486104312462,0.5235987755982988,0.6108652381980153,0.4385677132548776,0.5522539667423173,0.8639890854139138,0.07575467798497212,0.0059920190177645185,0.22428464971383116,0.0063565419849734295
0.8400849890000001,0.4291538147730435,0.07977289893113065,0.5213989413414541,0.35827369595574327,0.049339671479842924,0.29823471572941185,0.35570091015266053,0.05492150471491082,0.29172545502336655,0.12,0.029586148605411356,0.02829685427308378,0.5235987755982988,0.6108652381980153,0.4385677132548776,0.5512374689378076,0.8636052447163814,0.07754302671201996,0.006146225594025378,0.22967348631808757,0.0065092607060452945
0.8599971900000001,0.4312257746057504,0.08096307590638122,0.5282967301059589,0.35883687570054246,0.04951279467971408,0.29993555637275493,0.3562023380790662,0.05523560772908863,0.29328385263252765,0.12,0.029589319732644146,0.028339563134866654,0.5235987755982988,0.6108652381980153,0.4385677132548776,0.5530400469347184,0.8639381098086142,0.07931215951597217,0.006300109338500828,0.23501287747343122,0.006651703740227277
0.880110936,0.4333103637519079,0.08217970736130856,0.535264336106466,0.3594056681353072,0.04968870263656171,0.30165424880967695,0.35670344186308306,0.05555065193553987,0.2948425148876459,0.12,0.029600280557716945,0.028309583151139912,0.5235987755982988,0.6108652381980153,0.4385677132548776,0.5514931302806643,0.8639860272763313,0.08110318781742905,0.006454802584904439,0.24042182121882005,0.006811733922031048
0.900125421,0.43537618002811335,0.08340475817425627,0.5421975570879309,0.3599715028978248,0.04986476196524125,0.30336491599357635,0.35720411027952775,0.055866553846842075,0.2964012269281669,0.12,0.029608181048421216,0.02832932586646091,0.5235987755982988,0.6108652381980153,0.4385677132548776,0.552179923416637,0.8642863699064084,0.08288078900659757,0.00660908221267179,0.24579633015976407,0.006963689065409451
0.9201438390000001,0.4374338574431035,0.08464434573011784,0.5491321405005612,0.36053718888615954,0.050041836956714075,0.305076046687015,0.357704445096636,0.05618335358773124,0.29796027653892365,0.12,0.02961038479090931,0.02832304077031774,0.5235987755982988,0.6108652381980153,0.4385677132548776,0.5517627704559968,0.8643892680598902,0.08465699774290386,0.00676333230783055,0.2511718639616376,0.007115770148091338
0.9401316420000001,0.43947975575871223,0.08589625497300701,0.5560561185660968,0.3611019637968367,0.050219688423598176,0.3067853395330072,0.35820434018363045,0.05650100556958175,0.2995195048946121,0.12,0.029623886670010955,0.0283496853606267,0.5235987755982988,0.6108652381980153,0.4385677132548776,0.5533593884687737,0.8641248795625613,0.0864278535218353,0.006917453844604785,0.2565366136714847,0.007265834638395086
0.960136156,0.441518640115362,0.08716335833801955,0.5629858854918415,0.3616667637401493,0.05039860949044418,0.30849563123358337,0.3587037718330845,0.056819482635581196,0.30107854385178656,0.12,0.029616436781832886,0.02835551507221489,0.5235987755982988,0.6108652381980153,0.4385677132548776,0.5534629222130034,0.8643128313977411,0.08819894104384703,0.0070715580311041136,0.2619073416400549,0.007417087381796805
0.980102164,0.4435447872737281,0.08844209401798336,0.5699023135479068,0.3622303172248166,0.0505781968377289,0.31020307607257874,0.3592027430764267,0.05713878108941802,0.30263774503456703,0.12,0.029624161347238276,0.02832688780297815,0.5235987755982988,0.6108652381980153,0.4385677132548776,0.5522888966007921,0.8640554935481153,0.08996375836792964,0.007225473752461501,0.26726456851333974,0.007565331038011713
1.000025457,0.4455577260708873,0.08973204707758314,0.576803944693923,0.36279219701299487,0.050758308209170246,0.3119063792421236,0.3597011191209418,0.05745883199588651,0.30419644578928184,0.12,0.02961566273551999,0.028346131900462437,0.5235987755982988,0.6108652381980153,0.4385677132548776,0.5532904676107919,0.8640161274123298,0.09172195685149152,0.007379145042014657,0.2726074989046412,0.007709933452841766
1.020160863,0.4475830496437521,0.09104974290822827,0.5837790539385285,0.3633597717064069,0.050941311762710606,0.3136278885924954,0.36019893606209774,0.057779630600247225,0.30575497568474647,0.12,0.02961690129862662,0.028328241391488963,0.5235987755982988,0.6108652381980153,0.4385677132548776,0.5522309100664146,0.8641811595080335,0.0935033885986874,0.007533490989849481,0.278024078253782,0.007872912907748941
1.040035851,0.44957305826511385,0.09236430892715164,0.5906639517416928,0.36391979352928505,0.05112294494083166,0.3153274352317842,0.36069636922288706,0.058101319573052784,0.3073136984482008,0.12,0.02962216761168541,0.028347667373663153,0.5235987755982988,0.6108652381980153,0.4385677132548776,0.5534021344570911,0.8639812342260665,0.0952523925924581,0.007686883423514676,0.28335025329349206,0.008013736783583414
1.060045168,0.4515673575146764,0.09370152182912635,0.5975953824754432,0.36448328407781366,0.05130676214161737,0.3170384543276882,0.3611932506103299,0.05842377094970615,0.30887223856872986,0.12,0.02962192069650663,0.028314069583347735,0.5235987755982988,0.6108652381980153,0.4385677132548776,0.5518170251763854,0.8638864539910015,0.09701545704612581,0.007840671820167986,0.28872314390671333,0.008166215758958317
1.0800545510000001,0.45355234667964983,0.09505253030087037,0.6045268360722642,0.3650462791631884,0.05149148411630267,0.3187489261780065,0.3616895554024817,0.05874697018985366,0.31043031122142484,0.12,0.02961234886320655,0.028312224012049202,0.5235987755982988,0.6108652381980153,0.4385677132548776,0.5516325786823638,0.8639786219200962,0.09877685010267943,0.007994352542212852,0.2940965248508393,0.00831861495658165
1.100072556,0.45552877505473327,0.09641785312949278,0.6114612764174978,0.36560932453135153,0.05167728994052254,0.32046051386911867,0.36218535818921266,0.0590709627338334,0.3119884972745626,0.12,0.02961890400782502,0.028327977908148477,0.5235987755982988,0.6108652381980153,0.4385677132548776,0.5522197219025651,0.8641791735048586,0.10053747407984623,0.008148002386268983,0.2994727791429352,0.008472016594556042
1.120137847,0.4575003344265563,0.09780010587242662,0.6184120971136288,0.3661734885634223,0.05186453630449948,0.32217647389173226,0.3626807641370108,0.059395821794302764,0.31354685758304424,0.12,0.029624588478918565,0.028328254342717324,0.5235987755982988,0.6108652381980153,0.4385677132548776,0.5521795911008224,0.8642331260350439,0.10230171037400744,0.008301769994872974,0.30486523953058453,0.008629616308688026
1.1400971610000001,0.45945187645020896,0.0991886563507911,0.625326206300073,0.36673451537144836,0.052051810780729145,0.3238838666623307,0.3631757467802594,0.059721533753151285,0.31510544573280724,0.12,0.02963319307619654,0.028351244411101723,0.5235987755982988,0.6108652381980153,0.4385677132548776,0.5535804648591456,0.8639817556959406,0.10405165501020192,0.008455145436911957,0.3102207605672657,0.008778420929523467
1.160101899,0.4613981907363257,0.10059385744348862,0.6322560508216937,0.36729644223014307,0.05224045264511053,0.32559497631087214,0.3636701925948294,0.060048013747825445,0.3166639402193076,0.12,0.029630269075207046,0.028321719206054113,0.5235987755982988,0.6108652381980153,0.4385677132548776,0.5520204510510394,0.8640655092516664,0.10580513721808338,0.008608582739931089,0.31559211060238607,0.008931036091564537
1.1801958890000002,0.46334336045291236,0.102018841732877,0.6392168131430499,0.3678604064260249,0.05243085283148434,0.327313279362354,0.36416409907844605,0.06037527309091847,0.3182220012024057,0.12,0.029622670141342775,0.02830826619650261,0.5235987755982988,0.6108652381980153,0.4385677132548776,0.551622368445693,0.8637909413794373,0.10756724732009375,0.00876222011058116,0.3209948119406442,0.009091278159948313
1.200120778,0.4652622784396313,0.10344522564479691,0.6461189971596839,0.36841913107705965,0.05262055420126328,0.3290166090558512,0.36465733154026847,0.06070320256128839,0.3197796724534531,0.12,0.02961375163673776,0.028301613272218994,0.5235987755982988,0.6108652381980153,0.4385677132548776,0.5514064023568561,0.8636742612540935,0.10930798634086528,0.008915174718804951,0.3263393247062308,0.00923693660239805
1.220079973,0.46717459253015314,0.10488729884539495,0.6530330651233188,0.36897837796743854,0.05281149589377349,0.33072251989353957,0.36514992924196854,0.06103183613536931,0.32133688398615334,0.12,0.02960764944737203,0.028306742061272674,0.5235987755982988,0.6108652381980153,0.4385677132548776,0.5516614701751175,0.8636756328885163,0.1110510401958392,0.009068131744254297,0.3316961811371655,0.009385635907386225
1.240105916,0.46908325210811197,0.10634742605739776,0.6599702552724145,0.3695394005056698,0.053004113083486605,0.33243484694119624,0.3656420758784524,0.06136130500890442,0.32289430691396226,0.12,0.02961995293520795,0.028345366189055716,0.5235987755982988,0.6108652381980153,0.4385677132548776,0.553596487595928,0.8636718218568578,0.11279994692713817,0.009221268683222721,0.3370759483584523,0.009540540027233979
1.2601276810000002,0.47098134058099256,0.10782045138325506,0.6669059981198553,0.37010008057554633,0.053197686562752776,0.33414713788374456,0.3661337762550443,0.06169159927493634,0.324451788277757,0.12,0.0296255091380176,0.028347216721988797,0.5235987755982988,0.6108652381980153,0.4385677132548776,0.5536338961923869,0.8637269399070528,0.11454642177700272,0.009374333209622256,0.3424542098420983,0.009695349605987558
1.2801863690000002,0.4728726483797804,0.10930934650914395,0.6738545314696898,0.3706613607659062,0.05339254350073765,0.3358622780101173,0.3666249936652436,0.0620226878224352,0.3260092929330713,0.12,0.0296201809507954,0.028346645138921725,0.5235987755982988,0.6108652381980153,0.4385677132548776,0.5535450289073275,0.8637872280387586,0.11629528030875853,0.009527415724352544,0.34784523853661853,0.009852985077046017
1.3001012120000002,0.47474007652455924,0.11080057624220946,0.6807532354498412,0.371218292737572,0.053586961869898725,0.33756514745933824,0.3671156807372176,0.062354552265617966,0.32756671249578756,0.12,0.029620684478481398,0.02832595202417938,0.5235987755982988,0.6108652381980153,0.4385677132548776,0.5527275174146041,0.8635700837943648,0.11802553879449496,0.009679982777492949,0.35318652295405367,0.009998434963550684
1.320066543,0.4766018808613153,0.11230846634946731,0.6876694289862272,0.37177622544986677,0.053782796087351134,0.33927209393422103,0.36760575414398866,0.06268712171637422,0.3291239259396645,0.12,0.02961651895776336,0.028301890858442195,0.5235987755982988,0.6108652381980153,0.4385677132548776,0.5515456752284701,0.8635488676936397,0.11975989930930853,0.009832591002417932,0.3585455030465627,0.010148167994556532
1.340039551,0.47845392376045437,0.11382978163537243,0.6945882819134231,0.37233400974892483,0.05397964826234471,0.3409796118772098,0.36809531336448376,0.06302047948818565,0.330680933626831,0.12,0.029615046788065223,0.028303096029052913,0.5235987755982988,0.6108652381980153,0.4385677132548776,0.5513908037264964,0.8637639977261492,0.12149324291175106,0.0099851477852666,0.3639073482865922,0.010298678250378833
1.3599815670000002,0.4802925392551436,0.1153614939757177,0.7014963988968934,0.37289072397992473,0.054177192434411846,0.34268488417930587,0.36858438972720087,0.06335463359740404,0.33223816368695924,0.12,0.02962206296465061,0.02832712406119308,0.5235987755982988,0.6108652381980153,0.4385677132548776,0.5528945379208783,0.8634616651387756,0.12322103796578984,0.010137551035450635,0.36925823520993417,0.010446720492346627
1.38004686,0.4821318299354514,0.11691541802504095,0.7084472202858446,0.3734503598824132,0.05437684847488008,0.3444001462531825,0.36907288503353297,0.06368952160162264,0.33379509766821097,0.12,0.02961253603673078,0.028313885197942448,0.5235987755982988,0.6108652381980153,0.4385677132548776,0.5521074995193926,0.8635867603777297,0.12496127829216329,0.010290197608313074,0.3746521226176337,0.010605048584971523
1.399920953,0.4839428521659589,0.1184671603766102,0.7153318080519144,0.37400438816848786,0.05457557585232837,0.3460992634561202,0.3695608497446957,0.06402516848491542,0.33535209201591015,0.12,0.02961601642401924,0.02833361586827451,0.5235987755982988,0.6108652381980153,0.4385677132548776,0.5534235860305298,0.8632572073831958,0.12667743666112452,0.010442214068173502,0.3799797160360042,0.010747171440210035
1.420113187,0.4857719672833123,0.12005637301429722,0.7223266030931784,0.3745667682424023,0.05477837812903161,0.3478250485696555,0.37004820929924465,0.06436153624137207,0.3369085741285528,0.12,0.029606902332740936,0.02830248802869231,0.5235987755982988,0.6108652381980153,0.4385677132548776,0.5518036327647197,0.8633207686698958,0.1284285910734749,0.010595012710181475,0.3854180289646256,0.01091647444110272
1.4401019800000001,0.48757160525714177,0.12164220079175148,0.7292509241047738,0.3751232981154206,0.0549801567673585,0.3495339471390242,0.3705350230225961,0.06469865776687932,0.33846525050011456,0.12,0.029615586565214683,0.02830335806236869,0.5235987755982988,0.6108652381980153,0.4385677132548776,0.5517977288362738,0.8633701742821607,0.13015424954018612,0.010747163812146944,0.3907856736046592,0.011068696638909636
1.4600917740000001,0.489360308965699,0.12324053176089797,0.7361755918729409,0.3756793663076997,0.05518284386376542,0.3512424891429816,0.3710213690161623,0.06503657655064397,0.34002180737063037,0.12,0.02960792450107119,0.028328023762768346,0.5235987755982988,0.6108652381980153,0.4385677132548776,0.5533482784306846,0.8630529097077326,0.13187799327597197,0.010899219542353884,0.39615378450231054,0.011220681772351249
1.4801197510000002,0.4911412973912116,0.12485428708660583,0.7431134866203051,0.37623592536344536,0.05538678779469046,0.3529536074651461,0.37150703107895294,0.06537514839669281,0.34157796884066705,0.12,0.029596038299333806,0.028304064733119097,0.5235987755982988,0.6108652381980153,0.4385677132548776,0.5525975698691556,0.8626056667867992,0.1336043622617403,0.011051234712444478,0.40153551777963803,0.011375638624479045
1.50011116,0.49290781568867176,0.12647739082683146,0.750038713840883,0.3767910998889748,0.05559130258695002,0.35466154250989507,0.3719919717467288,0.06571435827541774,0.3431336926028415,0.12,0.029595015274137455,0.028321612114062446,0.5235987755982988,0.6108652381980153,0.4385677132548776,0.5532348921986038,0.8628457135045184,0.13532474807305744,0.011203030277452442,0.40690502123804156,0.011527849907053578
1.520064816,0.49465973665948837,0.12810960089169696,0.7569508630386333,0.37734491522796487,0.05579639160014136,0.3563663712721477,0.3724764825981044,0.06605438918653112,0.34468943497866705,0.12,0.029597082704306187,0.02828480154743699,0.5235987755982988,0.6108652381980153,0.4385677132548776,0.5515441089908888,0.8626959683809607,0.1370386692609121,0.011354653264361188,0.4122614280599663,0.011676936293480655
1.5400956080000001,0.49640706251616545,0.12976023779783602,0.7638897329306021,0.377900300999995,0.05600313954181413,0.35807711688727045,0.37296035268675876,0.06639509316841259,0.34624494650673815,0.12,0.029585433508752645,0.028274142663013157,0.5235987755982988,0.6108652381980153,0.4385677132548776,0.5512525268391678,0.8624546063114901,0.13875961848323698,0.011506336928615402,0.417644786423864,0.011832170380532303
1.5601103060000001,0.4981414981697191,0.13142162340103933,0.7708230276974316,0.3784547953844009,0.056210636398134686,0.3597862076975177,0.37344352988270996,0.06673644551812997,0.3477999906864107,0.12,0.029580582410959903,0.028254219793149352,0.5235987755982988,0.6108652381980153,0.4385677132548776,0.5502891435581878,0.8624218460992797,0.14047688611530212,0.011657848839259063,0.4230230370110209,0.01198621701110697
1.5800846910000002,0.4998609031888187,0.13309162387665047,0.77774235763142,0.3790076726444581,0.05641860603878413,0.3614914071876073,0.3739260922662318,0.067078479552317,0.3493547299891868,0.12,0.029572796898384886,0.028295245016325552,0.5235987755982988,0.6108652381980153,0.4385677132548776,0.5526854108639542,0.8620768399523233,0.14218759378262574,0.011809122002286798,0.42838762764223315,0.012136677198420487
1.600006609,0.5015642259307057,0.13476906365168626,0.7846435124634642,0.3795587977199468,0.05662699002190412,0.3631922960073458,0.37440807026936523,0.06742125300301192,0.35090936359296154,0.12,0.029575725126597664,0.02825525677682843,0.5235987755982988,0.6108652381980153,0.4385677132548776,0.5509191728584506,0.8618436659829709,0.14389028987996633,0.011960188400501438,0.4337341488705027,0.012282932414384273
1.6200433580000002,0.5032656830156585,0.1364679546602873,0.7915844459207652,0.380112594520935,0.056837461507496786,0.3649025326942606,0.3748894138146731,0.067764688857974,0.35246362544256626,0.12,0.029567838921420626,0.02828708314668855,0.5235987755982988,0.6108652381980153,0.4385677132548776,0.5524463309156585,0.861907826418769,0.145604276124938,0.012111396049146588,0.4391208204781989,0.012438907251694331
1.640155704,0.5049616821338733,0.13818506852907886,0.7985515669470461,0.3806679898205982,0.05704962826775669,0.36661882393083045,0.37537015968070103,0.06810881614614298,0.3540177085944008,0.12,0.029560983311685468,0.02823029119469778,0.5235987755982988,0.6108652381980153,0.4385677132548776,0.5498663978560464,0.8616481618788427,0.14732496000260095,0.012262652271048414,0.4445338583526453,0.012601115336429658
1.6601432740000002,0.5066352294264231,0.13990323092084211,0.805475464299014,0.38121942093496464,0.05726136590949293,0.3683239854647705,0.37585023597369605,0.0684536101975615,0.35557139824001277,0.12,0.02955263107917871,0.028254148727868387,0.5235987755982988,0.6108652381980153,0.4385677132548776,0.5511653767531459,0.8615420596402733,0.14902940251484106,0.01241347974389601,0.4499040660590012,0.01275258722475775
1.6801017370000002,0.5082944205896518,0.14163042060831307,0.8123892786904107,0.3817696682937488,0.057473726318279905,0.3700266037892665,0.3763297131077874,0.0687990929831866,0.3571249065427847,0.12,0.02955158865614886,0.028267610916736314,0.5235987755982988,0.6108652381980153,0.4385677132548776,0.5520001370250677,0.8613804088117479,0.15072851855044733,0.012564117259873376,0.45526437214762594,0.01290169724648177
1.7000770900000002,0.5099430246879113,0.14337051158376132,0.8193089439494352,0.38231968791940213,0.05768707550333605,0.3717296389801535,0.37680853432753136,0.06914522160868973,0.3586779835058584,0.12,0.029533830793318967,0.02820371469584819,0.5235987755982988,0.6108652381980153,0.4385677132548776,0.5492239650958187,0.8609617696965907,0.15242764249112287,0.012714634327609336,0.4606309604435768,0.0130516554742951
1.7201625370000002,0.5115885682547147,0.1451316217390001,0.8262667468887815,0.38287220338108674,0.057902476054858175,0.3734415354260983,0.37728658886515315,0.06949194800546912,0.36023050229170783,0.12,0.029524776039816323,0.02822216418328869,0.5235987755982988,0.6108652381980153,0.4385677132548776,0.5505138888886515,0.860594320275783,0.15413754218382109,0.012865261350419818,0.4660362445970737,0.013211033134390482
1.7401099740000001,0.513210596333268,0.14689195932301563,0.8331767417617374,0.38342031911354124,0.05811724300464001,0.37514093654336167,0.37776393352304105,0.06983926947974992,0.3617823911533542,0.12,0.029512052877163228,0.028235671869893796,0.5235987755982988,0.6108652381980153,0.4385677132548776,0.5514236168016787,0.8603599766930111,0.15582976441780894,0.01301539867355571,0.4713943506083832,0.01335854539000747
1.760366177,0.5148453403196627,0.14869088406925116,0.8401936963146233,0.38397648845947796,0.05833625657457924,0.3768664588922395,0.3782406303511741,0.07018725275330566,0.3633342304936957,0.12,0.029508910212362835,0.02818933671626682,0.5235987755982988,0.6108652381980153,0.4385677132548776,0.5489035456315179,0.8605632901818229,0.15755528209287295,0.013166099599607439,0.4768594658209276,0.013532228398543844
1.7801677400000002,0.5164310144249102,0.15046060295999233,0.8470531589516784,0.384519896317488,0.05855132860965397,0.3785535374332344,0.3787167845382524,0.07053597497081243,0.3648859459800885,0.12,0.0295138898819477,0.02820849872478272,0.5235987755982988,0.6108652381980153,0.4385677132548776,0.5501068687696722,0.8603180674694637,0.15922674170026854,0.01331569955820315,0.48216721297158993,0.013667591453145889
1.8001554560000002,0.5180193043321476,0.15225789585751343,0.8539771068795299,0.385067926877588,0.058769300350747955,0.380256106997939,0.3791923118315933,0.0708853538682496,0.36643743492374015,0.12,0.029507493397333766,0.02822664749003951,0.5235987755982988,0.6108652381980153,0.4385677132548776,0.5512386751197116,0.8600936993822639,0.1609174460291471,0.013465571098460076,0.48753967195578973,0.013818672074198844
1.8202139720000001,0.5196006936915285,0.15407254795017397,0.8609255806468166,0.38561730942725364,0.05898889389349689,0.38196403583597194,0.3796672429067795,0.0712354085450262,0.36798877011413883,0.12,0.029495896138928418,0.02817404163062198,0.5235987755982988,0.6108652381980153,0.4385677132548776,0.5486157127667849,0.860086368764314,0.1626141516392582,0.013615447576491545,0.49293681053267774,0.013975265721833108
1.840227733,0.5211659357023177,0.15589407107945846,0.8678585508273247,0.386165112604295,0.05920894197705313,0.3836682205869437,0.3801415643546591,0.07158616445050875,0.36954006051611166,0.12,0.029497050296216118,0.028202515951525023,0.5235987755982988,0.6108652381980153,0.4385677132548776,0.5503447841598471,0.8597810134164039,0.16430367139585778,0.013765128756139774,0.49831849031121306,0.014128160070832063
1.8601962810000001,0.5227150042138707,0.15772226271038844,0.8747758587652003,0.38671099994381647,0.05942930162695303,0.3853676110726617,0.38061521721889136,0.07193753228013258,0.3710907918744413,0.12,0.029480667930013468,0.028197867933424447,0.5235987755982988,0.6108652381980153,0.4385677132548776,0.5504744721740719,0.8594189244971506,0.1659860519411501,0.013914539198357813,0.503685066890759,0.014276819198220436
1.8800907670000002,0.5242456912511843,0.15955430568148402,0.8816675108736938,0.38725430244684256,0.05964969232121349,0.3870601182560807,0.38108806218557706,0.07228944128899384,0.37264102529808374,0.12,0.029470562183481895,0.02819099588742696,0.5235987755982988,0.6108652381980153,0.4385677132548776,0.550325239564867,0.8592245548064811,0.1676581740241903,0.01406363299180393,0.50902648557561,0.014419092957996983
1.900092308,0.5257718849397582,0.16140676903473894,0.8885962479220281,0.3877999836589352,0.05987212422345664,0.38876120598742214,0.381560222184731,0.07264194842031778,0.3741907226712332,0.12,0.029461433784680746,0.028146110837211392,0.5235987755982988,0.6108652381980153,0.4385677132548776,0.5485170961729077,0.8587884456876619,0.16934047671268695,0.0142127771133478,0.5144055252507949,0.014570483316188931
1.920002594,0.5272783024877825,0.1632612627141216,0.8954933733110735,0.3883425778037783,0.06009437487806553,0.39045384632993463,0.38203164542349827,0.07299504797664792,0.3757399089964845,0.12,0.029449492309376237,0.028161215274764395,0.5235987755982988,0.6108652381980153,0.4385677132548776,0.5492968368578054,0.8587639268804141,0.1710104701805755,0.01436158883637024,0.5197534643145889,0.014713937333450111
1.9402242790000002,0.528795253556566,0.16515526844060754,0.9024983704780042,0.38889310881733624,0.06032096548541634,0.3921724399900454,0.3825024920752899,0.07334882428994162,0.37728899272161925,0.12,0.029440588525413536,0.0281681914659273,0.5235987755982988,0.6108652381980153,0.4385677132548776,0.5499813783396843,0.8584281949566805,0.17271362207251306,0.014510861014232395,0.5252093777563849,0.014883447268426164
1.9600812280000002,0.53027177892808,0.1670255010804017,0.909377019388265,0.38943313018109815,0.06054431653817697,0.3938594214315768,0.382972631127287,0.07370320196625874,0.37883772873549476,0.12,0.029429874329213748,0.028122814798826848,0.5235987755982988,0.6108652381980153,0.4385677132548776,0.5478828665132599,0.8582578734280825,0.17437342244387308,0.014659273983853265,0.5305392906527702,0.015021692696082056
1.9800534470000002,0.5317439011744359,0.16891676133469585,0.9162955989978435,0.38997572266892827,0.060769803672964584,0.3955556207511449,0.3834420149241357,0.07405814793085459,0.38038583419096617,0.12,0.02941989972426866,0.028139496177054194,0.5235987755982988,0.6108652381980153,0.4385677132548776,0.5493037470553,0.8576710617974097,0.17604432965107508,0.01480774898526311,0.5359097648068774,0.015169786560178755
2.0000177370000003,0.5332023242318101,0.17081740638011025,0.9232114319212513,0.3905174562114679,0.060996012195252455,0.3972503319523731,0.38391064329205143,0.07441363089147694,0.38193342997663243,0.12,0.029405763036734592,0.028105761965931605,0.5235987755982988,0.6108652381980153,0.4385677132548776,0.5476999725617095,0.8575881257348706,0.17771239103191855,0.014956017799850367,0.5412780019446188,0.015316901975740649
2.020078402,0.5346545446984732,0.17273731568830505,0.9301606501239751,0.3910614460570954,0.06122424628562237,0.39895330913012406,0.3843785861851418,0.07476974658227938,0.3834807943716935,0.12,0.029407230478101298,0.028089036290997082,0.5235987755982988,0.6108652381980153,0.4385677132548776,0.5470565849952154,0.8573952295546386,0.17938926473912647,0.015104343559218416,0.5466798557522816,0.015472514758430533
2.039955931,0.536080252978285,0.17464965158782067,0.9370464281553599,0.39159991738582245,0.06145124424435741,0.40064021815042067,0.38484595051853965,0.07512651217762438,0.38502791370294004,0.12,0.029398142303299887,0.028133986536240635,0.5235987755982988,0.6108652381980153,0.4385677132548776,0.549101733808111,0.8575975930039209,0.1810432807881781,0.015252180876549873,0.5520185144524199,0.01561230444748063
2.059905467,0.5374978764942047,0.17657872208274092,0.9439571501432448,0.39213997007161716,0.06167998252411305,0.40233328761163517,0.38531275838937473,0.07548399727012883,0.3865751710829578,0.12,0.02939900283963255,0.02807883328345154,0.5235987755982988,0.6108652381980153,0.4385677132548776,0.5466941705626219,0.8572474936099552,0.18270318431138194,0.015400053326607951,0.557381979060287,0.01575811652867737
2.079937521,0.538907943481119,0.1785255628548182,0.9508964572048374,0.39268164348227286,0.061910489646330405,0.4040326591062479,0.3857789186447588,0.07584209639107917,0.38812218730202974,0.12,0.029386879344509446,0.028111007563490997,0.5235987755982988,0.6108652381980153,0.4385677132548776,0.5485188076086541,0.8570315705658956,0.18437025934880186,0.01554790264546196,0.5627742699028077,0.015910471804218174
2.1000591170000003,0.54031070927086,0.18049088734395183,0.9578667825251125,0.39322516872618346,0.062142876514900386,0.4057390767657807,0.38624429978365343,0.07620074031917373,0.3896688155684949,0.12,0.029377412062577095,0.028061167090632017,0.5235987755982988,0.6108652381980153,0.4385677132548776,0.5459621271378845,0.8570962273937164,0.1860454065510069,0.01569573400425348,0.5681979669566175,0.016070261197285773
2.120043667,0.5416902815919328,0.18245248986440443,0.9647896337183925,0.3937645348900775,0.06237457457747054,0.40743367566363375,0.38670915351311774,0.07656008169478773,0.3912153500590764,0.12,0.029374005314422337,0.02805003381805986,0.5235987755982988,0.6108652381980153,0.4385677132548776,0.5458024555336807,0.8566992353693124,0.18770282941006183,0.015843201019674256,0.5735742836593161,0.016218325604557327
2.140071868,0.5430592246603556,0.18442790124021588,0.9717276060616329,0.3943045837590147,0.06260765074950776,0.4091316580025974,0.3871732778824766,0.07692000477643121,0.39276169681439743,0.12,0.029368505752858654,0.028050227017712422,0.5235987755982988,0.6108652381980153,0.4385677132548776,0.5457819143681678,0.8567294365174534,0.18936308036389665,0.015990591023997188,0.5789659092472355,0.016369961188199944
2.16005611,0.544411455063612,0.1864084062021483,0.9786503505605832,0.39484279206361744,0.0628410174496662,0.4108250968015264,0.38763677546007963,0.07728055103539422,0.3943075766149569,0.12,0.029354348683862868,0.028033813722293424,0.5235987755982988,0.6108652381980153,0.4385677132548776,0.5453186659921739,0.8563720201224972,0.19101620072152592,0.016137744745280548,0.5843427739456264,0.01651752018656949
2.180129506,0.5457559139251296,0.188407101786297,0.9856039789110732,0.39538288506208696,0.063076288720606,0.41252571683043116,0.3880995796574751,0.07764170156758364,0.39585333951712387,0.12,0.029347902013513356,0.028075060521268128,0.5235987755982988,0.6108652381980153,0.4385677132548776,0.5477427668321125,0.8560102592312938,0.19267717462202455,0.016284894504409588,0.5897506393939492,0.016672377313307285
2.200040558,0.547075681533573,0.19039885813205218,0.9925013696503024,0.3959181624149251,0.06331054608097603,0.4142124255470075,0.38856170222502306,0.07800345298124235,0.3973989052219747,0.12,0.029345161618577233,0.02805842473745667,0.5235987755982988,0.6108652381980153,0.4385677132548776,0.5469928505200344,0.8559283863527991,0.19431780344385866,0.016431646895716433,0.5951024644283278,0.016813520325032805
2.220175293,0.5483963516690813,0.19242214732637608,0.9994762464536895,0.3964590210648862,0.06354833382444056,0.4159179828610539,0.3890232059137705,0.07836583112170414,0.39894439943313087,0.12,0.029343439813328435,0.028029597614860426,0.5235987755982988,0.6108652381980153,0.4385677132548776,0.5456498412344887,0.8558300395085328,0.19598123087204972,0.016578587790157983,0.6005318470205586,0.016973583427923048
2.2399789990000003,0.5496813974097322,0.19442118383220855,1.0063364514477209,0.39699031311048066,0.06378299773562147,0.41759463227015003,0.38948405624929366,0.07872881844011531,0.4004893741606076,0.12,0.029328267780129518,0.02801476937498651,0.5235987755982988,0.6108652381980153,0.4385677132548776,0.5450613733474823,0.8556770954018431,0.19760544406693747,0.016724875144436612,0.6058470772871133,0.017105258109542443
2.260141046,0.5509757029721915,0.1964653194235777,1.0133207894054392,0.39753064623361817,0.06402273844883422,0.4193010795872665,0.3899442168286015,0.07909238794222453,0.4020343131504342,0.12,0.02931898188398531,0.028051557293804312,0.5235987755982988,0.6108652381980153,0.4385677132548776,0.5472480913304267,0.8553297733597889,0.19926752011840673,0.016871521774011407,0.611286476255005,0.01726676643683228
2.279959919,0.5522339135831368,0.19848349912993749,1.0201862484023902,0.3980612794175059,0.06425925996768826,0.42097816536504656,0.39040368708824474,0.07945655518904803,0.40357895273989525,0.12,0.029313450626241983,0.028010367887090836,0.5235987755982988,0.6108652381980153,0.4385677132548776,0.5449857126091666,0.8555326817453753,0.20088911267486773,0.017017535142502975,0.6166072956624951,0.017399212625151317
2.299900431,0.5534858760090747,0.20052270876974365,1.0270938443849775,0.39859477168785235,0.06449812915640957,0.4226655511435014,0.3908625735410265,0.07982139606821748,0.40512357740151533,0.12,0.02931356928300455,0.02800509733873751,0.5235987755982988,0.6108652381980153,0.4385677132548776,0.5449957037160394,0.8552591632208361,0.20252196274351555,0.017163606760593305,0.6219702669834621,0.01754197374198607
2.319977676,0.5547322106130195,0.20258455966076033,1.0340488060681792,0.3991313258411848,0.06473945699496672,0.4243639069295511,0.391320830394013,0.08018683819363816,0.4066681199336581,0.12,0.0293032087895197,0.028038282425535136,0.5235987755982988,0.6108652381980153,0.4385677132548776,0.5468995326846599,0.8550145885920969,0.20416777758849197,0.017309691650268057,0.627380686134521,0.017695786995893026
2.340144904,0.5559696965629298,0.20466430833565155,1.0410349387769442,0.399669734752177,0.06498271928739857,0.4260694388562409,0.3917783973464611,0.08055288657010969,0.40821237583809517,0.12,0.02929572622432174,0.02800717163298997,0.5235987755982988,0.6108652381980153,0.4385677132548776,0.5454520449645583,0.8549065366849403,0.2058213491138764,0.017455753070619973,0.6328225629388491,0.017857063018145714
2.359989629,0.5571730666782451,0.20671925581776762,1.0479093531693906,0.40019905322168237,0.06522296226296863,0.42774747026603394,0.39223532113984233,0.08091953753911363,0.40975661403207103,0.12,0.029291770568330117,0.027984433622038517,0.5235987755982988,0.6108652381980153,0.4385677132548776,0.5443417764983481,0.8548799046035778,0.20743680729870387,0.017601235867717207,0.6381527391373196,0.017990856233962904
2.3799537180000003,0.5583694349187314,0.20879483690926814,1.054825116464356,0.4007310621654029,0.06546550382145204,0.42943531880729924,0.392691632452464,0.08128684013661401,0.4113006438052959,0.12,0.029286980527411615,0.027975309446095928,0.5235987755982988,0.6108652381980153,0.4385677132548776,0.5439666524940803,0.8547988198107161,0.20906320448856291,0.017746749361692897,0.6435244726590601,0.01813467500200333
2.400024698,0.5595577489803207,0.2108897991333998,1.0617779078878957,0.40126543822411365,0.06571021479033358,0.43113198522121743,0.393147321230687,0.08165477010772082,0.41284472131169936,0.12,0.02928319825341877,0.028022941690606498,0.5235987755982988,0.6108652381980153,0.4385677132548776,0.5464729146634317,0.854674169866893,0.2106991295451506,0.017892251613147628,0.6489331865761964,0.01828726390951807
2.420069182,0.560729919156893,0.2129901963235171,1.068721520827796,0.4017986428612733,0.0659554845591815,0.4328262511502638,0.3936023980123136,0.08202334596889002,0.41438875116978546,0.12,0.02928042119359271,0.028003801565757738,0.5235987755982988,0.6108652381980153,0.4385677132548776,0.5455551121095479,0.854634966178339,0.21232975348674782,0.01803758852800725,0.6543327696580106,0.018437499980478333
2.4399997620000002,0.5618808989562818,0.21508670031277233,1.0756256762646592,0.4023283619561184,0.06620023924233466,0.4345107569491281,0.39405687576976894,0.08239257487754639,0.41593281385183184,0.12,0.029278120649547615,0.028001280465522235,0.5235987755982988,0.6108652381980153,0.4385677132548776,0.5454443389973351,0.8546196842787765,0.21394539883700858,0.01818266254029693,0.6596928624128273,0.018577943097296268
2.460009099,0.5630218677165434,0.21719941649236033,1.0825571139266128,0.4028597205719693,0.06644683847057972,0.4362017949883466,0.3945107660341719,0.08276245361569882,0.4174770043448119,0.12,0.029275970527740117,0.027984052521704737,0.5235987755982988,0.6108652381980153,0.4385677132548776,0.5445722078259091,0.8546304182593276,0.21556736389747733,0.018327693238316907,0.6650801095818009,0.018724790643534717
2.4802764880000003,0.5641626904073324,0.21934733855966498,1.0895779434235653,0.40339748223709415,0.06669751540912018,0.4379145572212954,0.3949640672454857,0.08313299819813112,0.41902122606145736,0.12,0.029274527752464415,0.02797253206958554,0.5235987755982988,0.6108652381980153,0.4385677132548776,0.5439931139575812,0.8546334895216957,0.21721537836901045,0.0184728877798941,0.6705567173621079,0.018893331159838045
2.500030746,0.5652599040018095,0.22144863447875268,1.09642101912793,0.4039211949768377,0.06694273623965334,0.4395839091152378,0.39541678703721717,0.08350421323363467,0.4205655325201221,0.12,0.029273711986748156,0.027976292657433368,0.5235987755982988,0.6108652381980153,0.4385677132548776,0.5441769129838392,0.8546377198878292,0.2188043594924442,0.01861739709587927,0.6758554866078078,0.019018376595115738
2.520014166,0.5663552739634253,0.2235818523592557,1.1033434788777277,0.40445055210914355,0.06719167824420193,0.4412725749968135,0.39586893261622863,0.08387609644871608,0.42210997669541056,0.12,0.029272818205263514,0.02796995001712502,0.5235987755982988,0.6108652381980153,0.4385677132548776,0.5438330669783338,0.8546644338779174,0.22041617640383873,0.01876203624195147,0.681233502182317,0.019162598301402937
2.54003822,0.5674380479120853,0.22572695469058401,1.1102800146580283,0.4049805571856074,0.0674420187651022,0.44296465398798096,0.39632050757254117,0.08424865441858934,0.4236545709932544,0.12,0.029272461841363145,0.027972417460988597,0.5235987755982988,0.6108652381980153,0.4385677132548776,0.543925025449782,0.8546958475996479,0.22203000261160247,0.01890659835321609,0.6866254436647738,0.01931008299472659
2.560111249,0.5685085281536068,0.2278847808084846,1.117233515875989,0.4055114371515442,0.06769387210849191,0.44466088423181005,0.39677151474722955,0.08462189659776813,0.425199287293559,0.12,0.02927268190213818,0.02800419388998156,0.5235987755982988,0.6108652381980153,0.4385677132548776,0.5454698409899718,0.8547398535091064,0.22364672089282986,0.019051095945981072,0.6920342285824299,0.019461596938251058
2.580137913,0.5695615402949213,0.23004499703196693,1.1241709557868111,0.40604068066397014,0.06794604975463318,0.4463532500823732,0.39722195781821007,0.08499583824043408,0.4267441012385342,0.12,0.029273608806438367,0.028018784696963967,0.5235987755982988,0.6108652381980153,0.4385677132548776,0.5461383731371235,0.8548008617110747,0.2252558326756013,0.01919544633606834,0.6974268545482768,0.01960914884383902
2.600109724,0.5705966977647646,0.2322065297268739,1.1310893940610438,0.40656807430340397,0.06819844203108381,0.44804106403372956,0.39767184441211667,0.08537048687160889,0.428289033946074,0.12,0.029275056903681197,0.028020450575357722,0.5235987755982988,0.6108652381980153,0.4385677132548776,0.5461481230840749,0.8548744056838112,0.22685640477718064,0.01933964917685007,0.7028003601149697,0.01975203008765558
2.62008624,0.5716171164853872,0.2343756832005078,1.1380094621950863,0.4070951974702848,0.06845179919960515,0.44972937849867084,0.39812118026641424,0.0857458482327457,0.4298341026200357,0.12,0.02927684119124443,0.028021425090198608,0.5235987755982988,0.6108652381980153,0.4385677132548776,0.5461514803369466,0.8549197741729839,0.22845495776419936,0.01948376546604978,0.7081753595750506,0.019895275878635155
2.6400899040000003,0.5726238665156919,0.23655480344358754,1.1449389346721937,0.40762261270072386,0.06870639378654675,0.45142000271524274,0.39856995424960967,0.0861219156075771,0.43137924013436063,0.12,0.029277106830115987,0.02802095295007998,0.5235987755982988,0.6108652381980153,0.4385677132548776,0.5461198275510207,0.8549278199529783,0.23005394610354055,0.019627812545755404,0.713559694537833,0.02004076258088211
2.6601311570000004,0.5736173557121258,0.2387449553676862,1.151881428360862,0.40815057106273606,0.06896235202254652,0.45311375262445486,0.3990181432143141,0.0864986678605577,0.4329244031216701,0.12,0.029276222380611595,0.02801974267987939,0.5235987755982988,0.6108652381980153,0.4385677132548776,0.5460738214624182,0.8549133125315511,0.2316545209240675,0.019771788274638033,0.7189570252391919,0.02018934950278478
2.6800810750000004,0.5745911576984982,0.24093193926737863,1.1587922826774286,0.40867566435492275,0.0692180205690367,0.4547996978864267,0.3994657333508426,0.08687609350207338,0.4344695462500306,0.12,0.02927473539004287,0.028018136586162416,0.5235987755982988,0.6108652381980153,0.4385677132548776,0.5460201656175546,0.8548866636905661,0.23324261589042847,0.019915581056257417,0.7243227364273981,0.02033015163639612
2.7000646780000004,0.5755514413085486,0.24312930464161106,1.1657148058202857,0.4092011810856998,0.0694749922269024,0.4564883913342162,0.3999127167706285,0.08725418617518593,0.4360146445575021,0.12,0.02927302799179938,0.028017326749441962,0.5235987755982988,0.6108652381980153,0.4385677132548776,0.5459800754599403,0.8548862620121576,0.2348318847904378,0.020059294772823765,0.7297001612627836,0.0204737467767141
2.7200926460000003,0.5764985887944541,0.24533815784446378,1.1726526974499585,0.40972743077854307,0.06973342437106578,0.45818084003445914,0.40035910201440544,0.08763295610355759,0.43755974659739805,0.12,0.029273135827105935,0.028018550673694846,0.5235987755982988,0.6108652381980153,0.4385677132548776,0.5459821429943482,0.854945390690394,0.2364234536996676,0.020202940876898338,0.7350929508525604,0.02062109343706109
2.7401820590000003,0.5774332475490853,0.24756032571027614,1.1796118742520054,0.41025488851452235,0.06999355866661765,0.4598785873531305,0.4008049196331378,0.08801242688623877,0.4391049428004585,0.12,0.029274968007801803,0.028020828799612697,0.5235987755982988,0.6108652381980153,0.4385677132548776,0.5460007144271871,0.8550407255534478,0.23801911318536742,0.02034653591585576,0.7405069314515469,0.020773644552672
2.76001217,0.5783405552228983,0.2497601785093883,1.1864812262063515,0.41077513980314206,0.07025123786174181,0.4615545447186143,0.40125018770059134,0.08839260904946113,0.4406503113775336,0.12,0.029277126167747695,0.028022549986455453,0.5235987755982988,0.6108652381980153,0.4385677132548776,0.5460126063098206,0.855114893012952,0.23958399517202766,0.02048985263798883,0.745830914828818,0.020904233341080714
2.78028793,0.579252780201425,0.2520157889314403,1.1935049555027661,0.41130666778344954,0.07051561265092217,0.46326825420149037,0.4016948983233116,0.08877349730645573,0.44219582243424205,0.12,0.02927862525255736,0.028023749407072116,0.5235987755982988,0.6108652381980153,0.4385677132548776,0.5460143788478069,0.8551730915057989,0.24119462513086515,0.0206333822784731,0.7513091330685241,0.021072431767248323
2.800061857,0.5801269547556818,0.2542217664404619,1.2003548447485977,0.4118246173199343,0.0707743418574272,0.464939612243731,0.4021390398525692,0.08915508687561084,0.4437414318360607,0.12,0.029279738382767304,0.028024763555851148,0.5235987755982988,0.6108652381980153,0.4385677132548776,0.5460128547545055,0.8552253230380518,0.2427482369742834,0.020776481855689935,0.756613412912537,0.021198180407670297
2.820102656,0.5809975920024316,0.25646353248048764,1.2072971811670528,0.41234913606840606,0.07103744887962168,0.46663358494772794,0.4025826076572213,0.08953737403543376,0.44528712309513896,0.12,0.029280736660824522,0.028025548591628976,0.5235987755982988,0.6108652381980153,0.4385677132548776,0.546004924971023,0.8552725046104257,0.24432815845113898,0.020919663189858655,0.7620100580719138,0.021346461852588983
2.840107524,0.5818511122809062,0.2587072587212478,1.2142270707219944,0.4128722838862801,0.07130097834749771,0.4683245694237688,0.4030255991278465,0.08992035261119975,0.4468329082772016,0.12,0.0292815831357965,0.028028158432217343,0.5235987755982988,0.6108652381980153,0.4385677132548776,0.5460313484915653,0.8553765731193016,0.24590157345705885,0.021062722965081656,0.7673941624447929,0.021491661146567198
2.860054711,0.5826866473095269,0.26095035949754264,1.2211369789924098,0.41339355751524626,0.0715646697976234,0.4700109347883051,0.40346803507977574,0.09030404942941471,0.44837888106285767,0.12,0.029286039094146236,0.028034289909961863,0.5235987755982988,0.6108652381980153,0.4385677132548776,0.5461307538399702,0.8555837416581229,0.24746610699129198,0.021205667747124204,0.7727580979295521,0.02163205372544741
2.880196461,0.583514661249353,0.26322111493473827,1.2281142858630798,0.4139195969854595,0.07183188714543277,0.47171417345623673,0.40390996965521675,0.09068850811975636,0.449925192545319,0.12,0.02929334253750139,0.02804230519274639,0.5235987755982988,0.6108652381980153,0.4385677132548776,0.54626678204455,0.8558484775927694,0.249048882063337,0.02134864852536672,0.7781890933177609,0.021788980910917747
2.90001269,0.5843136858362026,0.2654608010572225,1.2349788289515637,0.4144368423958216,0.07209574657719671,0.47339039095970376,0.4043514326535096,0.09107375621908961,0.4514719520838368,0.12,0.02930218338253093,0.028051346144083066,0.5235987755982988,0.6108652381980153,0.4385677132548776,0.5464230611514462,0.8561442460527071,0.2505938027525195,0.021491401528008883,0.7835068768677269,0.021918438875866975
2.9200948390000003,0.5851078330849222,0.2677360472305297,1.2419354894301975,0.4149607532012196,0.07236411385344411,0.475089664154762,0.40479243949700405,0.09145980861573483,0.453019217255727,0.12,0.029311878024416513,0.028060972861803694,0.5235987755982988,0.6108652381980153,0.4385677132548776,0.5465910372408935,0.8564576058492913,0.25216453649342907,0.02163423587839226,0.7889162721744705,0.02207044689903498
2.940166022,0.5858857081335619,0.2700155175158777,1.248888351175,0.415484103295644,0.0726333175516375,0.476788599979661,0.4052329981153468,0.09184667380842838,0.4545670194494515,0.12,0.029322070029694138,0.02807095023171085,0.5235987755982988,0.6108652381980153,0.4385677132548776,0.5467661609397043,0.8567813506458382,0.25373123281333504,0.021777011183077476,0.7943213317255484,0.022221580530209506
2.960064955,0.5866411761513373,0.2722807328635815,1.2557815437694817,0.41600269332669004,0.07290118788853789,0.47847355828204186,0.4056731124651011,0.09223435694986136,0.45611537649674755,0.12,0.029332561583665373,0.028081106587629127,0.5235987755982988,0.6108652381980153,0.4385677132548776,0.5469447922104443,0.8571105371710122,0.2552765902976813,0.02191966392830463,0.7996661672727341,0.022358181785294303
2.9800171530000004,0.5873829921534939,0.2745571792107186,1.2626931879012164,0.4165224061372656,0.07317074848650555,0.48016363796816375,0.4061127839417245,0.09262286126149834,0.45766429920759033,0.12,0.029343171967350503,0.02809135576674987,0.5235987755982988,0.6108652381980153,0.4385677132548776,0.5471257607107276,0.8574420276267658,0.2568248127280271,0.022062296473054188,0.8050288886936261,0.022499338760573417
3.000088486,0.58811339192153,0.276852321310844,1.269646101607543,0.4170449536786923,0.07344290109694046,0.48186442939280916,0.4065520124744444,0.09301218786884478,0.4592137880352058,0.12,0.029353876601651376,0.0281016795424383,0.5235987755982988,0.6108652381980153,0.4385677132548776,0.5473085450896948,0.8577754320322202,0.2583829119169855,0.022204927378328295,0.8104323135723372,0.022650641357603363
3.0200016310000004,0.588822185653021,0.2791343580320187,1.2765442173832404,0.4175631129990118,0.07371388956383956,0.4835524356882809,0.406990797402704,0.09340233787532293,0.46076384428179673,0.12,0.029364650006346835,0.028112049807138727,0.5235987755982988,0.6108652381980153,0.4385677132548776,0.5474926531408681,0.8581098372160683,0.25992121318685163,0.02234745743886505,0.8157803731014437,0.02278859140648415
3.040236156,0.5895264058490239,0.28145813778577994,1.283553662456645,0.4180893631326011,0.07399024166558851,0.4852683166263702,0.40742913765790484,0.09379331199276385,0.46231446784401314,0.12,0.029375465591702683,0.02812244315772754,0.5235987755982988,0.6108652381980153,0.4385677132548776,0.5476776519397851,0.8584445059465918,0.26149092130051366,0.022490042275514183,0.8212391946126318,0.022953848782357067
3.0600446050000003,0.5901998351350833,0.2837377623124049,1.2904155104740724,0.41860425691704006,0.07426175830915611,0.48694868587395657,0.40786703171910277,0.09418511074666348,0.4638656539835231,0.12,0.029386297860029283,0.02813212978888996,0.5235987755982988,0.6108652381980153,0.4385677132548776,0.5478527763977699,0.8587537130467279,0.2630122790234973,0.02263245407153962,0.8265498564905494,0.02308303189043348
3.0800103090000004,0.5908628281556165,0.2860400878098594,1.2973318332214487,0.4191229350075031,0.0745363854332485,0.48864290894765344,0.4083044657294944,0.09457772603600272,0.46541730193893716,0.12,0.029395211338388395,0.02813916769505055,0.5235987755982988,0.6108652381980153,0.4385677132548776,0.5482435748085958,0.8587148099439319,0.2645475225129325,0.022774867961742874,0.8319145312825116,0.023225607008716287
3.1000902060000004,0.5915135826157251,0.2883601376428349,1.3042877135843987,0.4196444281079623,0.07481363526837374,0.4903478589100266,0.4087413301928871,0.09497137187809641,0.46696794944857795,0.12,0.02941309867468896,0.028151830158830604,0.5235987755982988,0.6108652381980153,0.4385677132548776,0.548488742060032,0.8591027658814981,0.26609192204899135,0.022917501813519533,0.8373197641358208,0.02337990946144863
3.1200145480000003,0.5921432673461882,0.2906666502831073,1.3111897081146744,0.4201616319356494,0.07508973680235966,0.49204032224405475,0.409177745951549,0.09536594245862019,0.46851885650922726,0.12,0.029425639094974327,0.0281511050422528,0.5235987755982988,0.6108652381980153,0.4385677132548776,0.5486592594713702,0.8588959926412699,0.2676167941216654,0.023060144559969478,0.8426708516054471,0.023521465734827496
3.1401364050000002,0.5927631019280486,0.29300036160856713,1.3181601238480014,0.42068361891516476,0.07536952798566215,0.4937499847668872,0.4096137053406275,0.09576134169501317,0.4700702190963786,0.12,0.02943289332930003,0.028169538741323566,0.5235987755982988,0.6108652381980153,0.4385677132548776,0.548869830183485,0.8596071068826934,0.26915967834502214,0.023202781145901453,0.8480899047516228,0.023679765670508612
3.1599992990000003,0.5933588870811831,0.2953082475865348,1.3250408321666725,0.4211985737283047,0.07564668423060755,0.4954381643675425,0.41004917203424457,0.0961575472206695,0.47162194997258033,0.12,0.029441961887692266,0.028121234656561144,0.5235987755982988,0.6108652381980153,0.4385677132548776,0.5488766297402334,0.8571851030878236,0.2706722244464778,0.023345334838733935,0.8534188821940921,0.023816214394962176
3.179918568,0.5939404242173231,0.29762674006122797,1.3319410693581988,0.42171466199374996,0.07592557516814316,0.497131600845954,0.4104841262901038,0.09655452622299983,0.47317402019598453,0.12,0.029450056826875914,0.028183099899573506,0.5235987755982988,0.6108652381980153,0.4385677132548776,0.5490745920540865,0.8600804029245888,0.27218789177141367,0.023487838423629868,0.8587670491622142,0.023957580649969445
3.200061396,0.5945122965213432,0.29997525549731857,1.338918749659023,0.422236161517691,0.07620853238460626,0.4988443630882088,0.4109185560185576,0.09695227226214824,0.47472637395177736,0.12,0.029455558324491628,0.028188651670527164,0.5235987755982988,0.6108652381980153,0.4385677132548776,0.5491692839848505,0.8602632995415076,0.2737243015764447,0.023630297043015353,0.8641923757072456,0.024117989136431428
3.220265733,0.5950694640578028,0.30233488760853705,1.3459177373024716,0.4227588671050487,0.07649330390617316,0.5005626857940048,0.4113524519867788,0.09735077445069658,0.4762790048550222,0.12,0.029461221422289265,0.02819291392268104,0.5235987755982988,0.6108652381980153,0.4385677132548776,0.5492765654419949,0.8603691306920571,0.2752642860441782,0.023772681450899853,0.8696387324474493,0.02428368093898253
3.239996412,0.5955974286399109,0.3046429536801161,1.352752645001638,0.42326894724563696,0.07677233474502985,0.5022410777795463,0.41178580683840055,0.09775002682508267,0.47783188748000677,0.12,0.029467411577416166,0.028195027235404926,0.5235987755982988,0.6108652381980153,0.4385677132548776,0.5493131385528456,0.8604382232174006,0.27675150494973594,0.0239149760321397,0.8749207575216313,0.02440919029953953
3.260035605,0.5961176141254705,0.3069907195007054,1.3596944250853737,0.4237865786282252,0.07705662617267947,0.5039458843767768,0.4122186167171246,0.09815002471408527,0.47938499906753124,0.12,0.029470364834370398,0.028203711299155824,0.5235987755982988,0.6108652381980153,0.4385677132548776,0.5494127972102473,0.860772767747544,0.2782683543753278,0.02405720692024023,0.8803094260178426,0.02456088530924555
3.280155519,0.5966235192233933,0.3093515112235785,1.366664167743757,0.4243058983039948,0.0773429983108975,0.5056578567460752,0.41265087362986663,0.09855077046174733,0.480938307398017,0.12,0.029475504962685098,0.028178041956407697,0.5235987755982988,0.6108652381980153,0.4385677132548776,0.5494708961879305,0.8594312016324542,0.2797907908284655,0.024199363622973598,0.88572586034574,0.0247195493480582
3.300051879,0.597107519861392,0.3116895021167197,1.3735564690248931,0.4248190625670588,0.07762712287671712,0.5073511383966683,0.41308257361696565,0.0989522709629962,0.48249175834432706,0.12,0.02948127044697,0.028171508326587276,0.5235987755982988,0.6108652381980153,0.4385677132548776,0.5495551940598006,0.8590202222695631,0.28128688266468593,0.02434146901436705,0.891064710680566,0.024859380052341288
3.320121707,0.5975794742000686,0.3140511858897677,1.380508861383927,0.4253362860626939,0.07791464028513545,0.5090594182444016,0.4135137226833498,0.09935449602483948,0.48404550129578194,0.12,0.029485329817675664,0.028143511165657945,0.5235987755982988,0.6108652381980153,0.4385677132548776,0.5495551957966901,0.8576203624862071,0.28279828415386765,0.024483472363983187,0.896463360088145,0.025013916948619652
3.3400429540000003,0.598031625578441,0.31639858587961606,1.3874097837747528,0.42584930816080097,0.07820097048282881,0.5107554347912383,0.4139443063258596,0.0997574632488808,0.48559938612168835,0.12,0.029491997459785486,0.028220071581054596,0.5235987755982988,0.6108652381980153,0.4385677132548776,0.5497788022705385,0.8612247767821911,0.28429125404118066,0.024625422819980345,0.9018103976530645,0.025156048669549957
3.359975383,0.5984678117923776,0.31875036955139974,1.3943145797240046,0.42636219748973525,0.07848836849629653,0.5124526213894056,0.4143743253907529,0.10016116591211172,0.48715341806077767,0.12,0.02949578717125535,0.028153559005622775,0.5235987755982988,0.6108652381980153,0.4385677132548776,0.5497163710544729,0.8579615792266659,0.28578252515359176,0.02476730153425125,0.9071611616632269,0.02529920332862795
3.380034159,0.5988904110357487,0.32112003505564374,1.4012631435579332,0.4268778888591609,0.07877848777061021,0.5141607070181832,0.41480377492585174,0.10056558643165507,0.48870764736425426,0.12,0.029498221553707175,0.02815953829171596,0.5235987755982988,0.6108652381980153,0.4385677132548776,0.5497811454032077,0.8581957691825904,0.2872841005034725,0.02490907255079227,0.912555496193679,0.02545305965392891
3.399955212,0.5992937460055391,0.3234762899612087,1.4081639987451877,0.4273896035667611,0.07906752163991307,0.5158572538040066,0.41523264995654735,0.1009707328132865,0.4902620427421808,0.12,0.02950150507067891,0.028231614315195514,0.5235987755982988,0.6108652381980153,0.4385677132548776,0.5499555954822503,0.8616251202775256,0.288768436710911,0.025050792019141423,0.9179019560030068,0.025595211061825773
3.4199543290000003,0.5996823281073929,0.3258445161652159,1.4150918960952905,0.42790293161644966,0.0793586166126498,0.5175607843774277,0.4156609398835715,0.10137661365662838,0.4918164708367194,0.12,0.029507317802204693,0.028222556353899978,0.5235987755982988,0.6108652381980153,0.4385677132548776,0.5499483554134058,0.8611794622815929,0.29025800691871906,0.025192430518243106,0.9232754252585711,0.025744313540708275
3.4399515770000004,0.6000544594068807,0.3282151560056387,1.4220191460048015,0.4284157383358952,0.07965057157223927,0.5192642329138223,0.41608865699307696,0.10178319040161604,0.49337116736941466,0.12,0.029508654522005764,0.028236832734638808,0.5235987755982988,0.6108652381980153,0.4385677132548776,0.5500809354109271,0.8617607013210133,0.29174449695762217,0.025333964369575884,0.9286479786353868,0.02589306554440762
3.4602282730000002,0.6004151305678873,0.3306214801075332,1.4290431995411272,0.428935282206659,0.07994753519590427,0.5209917388892785,0.4165157772868268,0.10219049413993167,0.494925860821977,0.12,0.02951297509090357,0.028163541482809196,0.5235987755982988,0.6108652381980153,0.4385677132548776,0.5499829096903449,0.858194164450115,0.29325703314212753,0.025475347397816275,0.9341173387191503,0.026065878067301543
3.4801379900000002,0.6007526692557348,0.3329866824246502,1.4359401278227908,0.4294449636426819,0.08024003089124726,0.5226881294153184,0.4169423123539092,0.10259849403107148,0.49648073249650737,0.12,0.029515583577401732,0.02819879297605927,0.5235987755982988,0.6108652381980153,0.4385677132548776,0.5501093671620603,0.8598302816409031,0.2947286288361747,0.025616735998630426,0.9394593953262834,0.026207396918811025
3.499870313,0.601071025385905,0.33533306244426386,1.4427756050202627,0.42994966864499123,0.08053080997180043,0.5243695960693723,0.41736824966944386,0.10300721328775135,0.4980356014381998,0.12,0.02951893374190304,0.028247006431889023,0.5235987755982988,0.6108652381980153,0.4385677132548776,0.5502197406385763,0.8621305809558747,0.29617901679934555,0.025758121233109246,0.9447400035820629,0.026333994631172475
3.5201641190000004,0.6013819378091128,0.3377483903220892,1.4498055856344518,0.43046827403276827,0.08083076017165082,0.5260990508741727,0.4177935971494499,0.10341662602562923,0.4995906442165122,0.12,0.029521358303202832,0.02824939944019768,0.5235987755982988,0.6108652381980153,0.4385677132548776,0.5502356766473644,0.8622342953625195,0.2976844883168421,0.025899204050905362,0.9502149414179396,0.02650840665766052
3.5399377970000003,0.6016683297117006,0.3401038851316481,1.4566553886241531,0.4309731482929947,0.08112393499784858,0.5277844032046843,0.41821833342696624,0.1038267482340294,0.5011456692834746,0.12,0.0295252695538046,0.028251831467620007,0.5235987755982988,0.6108652381980153,0.4385677132548776,0.5502958307240813,0.862295742656919,0.2991333925816459,0.026040411500273346,0.9555097193406784,0.026638733921209745
3.5600960070000003,0.6019438358186755,0.3425071299761944,1.4636383974060818,0.4314874011748573,0.08142371596814954,0.5295027470213155,0.4186424639620021,0.1042375575716142,0.502700768157001,0.12,0.029528998807702184,0.028253024419938023,0.5235987755982988,0.6108652381980153,0.4385677132548776,0.5503762002649796,0.8622750207319214,0.3006189981661172,0.02618136323246302,0.9609376292490808,0.026801978864314457
3.5799657560000004,0.6021988512538315,0.3448778233035743,1.47052148036641,0.43199381586945795,0.08172009478723616,0.5311965992563867,0.4190659960672426,0.1046490545973251,0.5042559729323405,0.12,0.029530701486540557,0.0281917220913663,0.5235987755982988,0.6108652381980153,0.4385677132548776,0.550293653705345,0.85929245086297,0.30207201784162785,0.026322342654316034,0.9662655074340694,0.026940626324046257
3.599925058,0.6024386188827381,0.3472609081294335,1.4774355853959322,0.4325019919716447,0.08201866122171389,0.5328980321491531,0.4194889082340413,0.10506122146757958,0.5058111571916122,0.12,0.029529772293040928,0.028254261847627814,0.5235987755982988,0.6108652381980153,0.4385677132548776,0.550372579528834,0.8623405128525566,0.30353135726896835,0.026463180667603586,0.97162442820432,0.027086874957540915
3.6200002930000004,0.6026632009580429,0.3496594451334939,1.4843898507947093,0.43301259015739724,0.08231982049122877,0.534609287567719,0.4199111693214825,0.10547405108577541,0.5073662517894316,0.12,0.029528733583280196,0.028185740022035395,0.5235987755982988,0.6108652381980153,0.4385677132548776,0.5502743381115884,0.8590126629901814,0.3049996913662864,0.026603864800911564,0.9770235990052777,0.02724303577828735
3.6399838030000002,0.6028701477812682,0.3520485199937706,1.4913123417214214,0.4335203767085157,0.08262049384335668,0.5363128418085554,0.4203327791838019,0.10588753077066086,0.5089212759126637,0.12,0.029530773108208855,0.02825412427505019,0.5235987755982988,0.6108652381980153,0.4385677132548776,0.5503227665070016,0.8623834472455078,0.3064557448470941,0.026744489822211476,0.9823910658087577,0.027391565895891756
3.660030925,0.6030611575265907,0.3544465795268401,1.4982568684913278,0.4340292408660857,0.08292297727298098,0.5380217375437617,0.42075375324450726,0.10630167331585838,0.5104762882502806,0.12,0.02952936823764495,0.028224328419635736,0.5235987755982988,0.6108652381980153,0.4385677132548776,0.550358960989178,0.8608574599926088,0.3079153846993163,0.026884977222529565,0.9877805802410472,0.027545449293481128
3.679918502,0.603234121832006,0.3568268126460235,1.5051461272520155,0.43453355645769237,0.08322392443573598,0.5397170826676914,0.4211740830761533,0.10671647670265869,0.5120311596163961,0.12,0.029530232778084642,0.028180370983880775,0.5235987755982988,0.6108652381980153,0.4385677132548776,0.5503043570191029,0.8587141921749359,0.30935584341900735,0.02702546097749577,0.9931149676356194,0.02768592305129525
3.699974413,0.6033920093075652,0.3592283374316621,1.5120936986208313,0.43504161692582183,0.08352827557695829,0.5414267489519878,0.4215937684844207,0.10713192155343652,0.5135860644628941,0.12,0.029529736828100894,0.028177110205382574,0.5235987755982988,0.6108652381980153,0.4385677132548776,0.5502710227630259,0.858584487506103,0.31081055848384126,0.027165727140752407,0.9985076341579372,0.027840684489093714
3.7199227880000003,0.603532451259501,0.3616180190916665,1.5190040184265188,0.43554641376080433,0.0838318455964293,0.543127176842574,0.4220127961794175,0.10754801146542817,0.5151408450679847,0.12,0.029528495439878615,0.028171615517974882,0.5235987755982988,0.6108652381980153,0.4385677132548776,0.5502485899709417,0.8583321859278025,0.31225142746765666,0.027305957744878488,1.0038631733585341,0.027986331774589313
3.73987274,0.6036563863219385,0.3640088031725596,1.5259148845210309,0.4360507006203203,0.08413627774467691,0.5448276281786589,0.4224311576374556,0.10796474868433109,0.5166954579004409,0.12,0.029526568383696394,0.02820394980113358,0.5235987755982988,0.6108652381980153,0.4385677132548776,0.5502883257696293,0.8599091642870496,0.3136895620681601,0.027446092224286563,1.0092194266205898,0.028132170278218016
3.7599337200000003,0.6037643939385678,0.36641369659681355,1.5328642118429554,0.4365572618497095,0.08444325941741285,0.5465375064065747,0.4228488639350136,0.10838212191111855,0.5182499886632657,0.12,0.029525935079004417,0.028248638342194897,0.5235987755982988,0.6108652381980153,0.4385677132548776,0.5503153305063271,0.8621165866034176,0.31513603813471786,0.0275860347074419,1.0146142231796897,0.02828751774330907
3.77997453,0.6038555949012538,0.3688168638666833,1.5398065520719222,0.43706280594254976,0.08475080779738015,0.5482457238884014,0.42326590097066313,0.10880013613904005,0.5198043420142241,0.12,0.02952694495782582,0.028246974355020035,0.5235987755982988,0.6108652381980153,0.4385677132548776,0.5502642298129766,0.8620844879380251,0.3165775359246701,0.027725886468934337,1.0200022100576982,0.02844138187417733
3.7999443580000003,0.603929846271689,0.37121209261797666,1.5467243034148046,0.4375659939077857,0.08505810171849028,0.5499477513125575,0.4236822775775649,0.10921876846680068,0.5213586515357641,0.12,0.029524520436669966,0.02817733741317883,0.5235987755982988,0.6108652381980153,0.4385677132548776,0.550182987464582,0.8586838831943594,0.3180089431445697,0.027865666991137187,1.0253656518790404,0.02858909977679336
3.8199600040000004,0.6039876587397713,0.37361327427283236,1.5536579265784671,0.43806979304030086,0.08536694737669781,0.5516536215853622,0.42409798531138293,0.10963801964394014,0.522912892441657,0.12,0.029523443646226753,0.028243157168941047,0.5235987755982988,0.6108652381980153,0.4385677132548776,0.5502655890339804,0.8618922694130717,0.31944205994602637,0.028005291646679035,1.0307450341368103,0.02874072914370529
3.839996594,0.6040288641343352,0.3760173119669178,1.5605988049565525,0.438573580975086,0.08567696977590937,0.5533612421795614,0.42451300488381666,0.1100579185348537,0.5244668042451299,0.12,0.02952284424848621,0.028241504250322295,0.5235987755982988,0.6108652381980153,0.4385677132548776,0.5501581240961168,0.861917088419998,0.3208743409454914,0.028144812353338634,1.0361320007114225,0.02889443793443147
3.859996159,0.6040533372302741,0.3784171349833713,1.5675268574984078,0.4390758289913141,0.0859872282180832,0.5550654364435886,0.42492736277174276,0.11047841168730096,0.5260207125979668,0.12,0.029518152532443834,0.028166961183017297,0.5235987755982988,0.6108652381980153,0.4385677132548776,0.5500585608617701,0.8582894982890946,0.3222999754378622,0.02828422111512418,1.041506144900441,0.029044723845621845
3.8799003950000004,0.6040611463709782,0.38080563053748706,1.574421887105976,0.43957515954681625,0.08629686135261495,0.5567615193858855,0.4253410232370702,0.11089953376676384,0.5275743117142726,0.12,0.029518358101353125,0.02823567849959239,0.5235987755982988,0.6108652381980153,0.4385677132548776,0.5501004872607456,0.8616834377188739,0.32371311911475914,0.02842361916439133,1.0468475753917035,0.02918720767161287
3.8999199630000003,0.6040524365319173,0.38320796290844633,1.5813568688902921,0.44007678988982385,0.08660909977726473,0.558467210435611,0.425754001213237,0.11132125479448735,0.529127780195377,0.12,0.029514558557309143,0.028146513081386326,0.5235987755982988,0.6108652381980153,0.4385677132548776,0.5499493538583323,0.857376300210984,0.3251349167440107,0.028562788398008444,1.052229088694915,0.029339430240234
3.9200893740000002,0.6040268770173426,0.3856281572660272,1.58834375781244,0.4405816168084362,0.08692452386811425,0.5601855976999859,0.4261662899686932,0.11174357121273601,0.5306810914913107,0.12,0.029513346214984724,0.028164858967475562,0.5235987755982988,0.6108652381980153,0.4385677132548776,0.5499213254946888,0.8583216228790894,0.32656875983913847,0.028701685647208795,1.0576626663211293,0.029504506208675174
3.9400182470000003,0.6039849151079445,0.38801925385472485,1.5952473219271575,0.4410798063601302,0.08723699239771383,0.5618832171395913,0.42657788038634414,0.11216648555576016,0.5322341214209136,0.12,0.029508574030386175,0.028158351198655555,0.5235987755982988,0.6108652381980153,0.4385677132548776,0.5498743838212764,0.8580431761115013,0.3279756176103849,0.02884069149771291,1.0630132005062438,0.029649095718677684
3.959896227,0.6039265965522529,0.39040389844584106,1.602133256189525,0.4415761345608489,0.08754946876295774,0.5635762990475938,0.4269887664513606,0.11258999790843052,0.5337869434895185,0.12,0.029505049165317144,0.028223203565933323,0.5235987755982988,0.6108652381980153,0.4385677132548776,0.5498788631067977,0.8612813151898685,0.3293744966639379,0.02897963782118382,1.0683463127000064,0.029789355558075273
3.9799410010000003,0.6038512318882807,0.3928080903806216,1.609076969588372,0.4420760471082067,0.08786538488368098,0.5652834300480801,0.42739895158797647,0.11301409960233977,0.5353395185154142,0.12,0.029502329415320997,0.02813364080697785,0.5235987755982988,0.6108652381980153,0.4385677132548776,0.5497202735708345,0.8569617667780579,0.3307870682158152,0.029118292960104087,1.0737374510729578,0.02994391153266596
3.999887494,0.603759626516486,0.39519991597021725,1.6159866374501353,0.44257292258931336,0.08818057000961223,0.5669820248284139,0.4278084311548975,0.1134387734470784,0.5368918634442611,0.12,0.029499445952823455,0.02814701288702116,0.5235987755982988,0.6108652381980153,0.4385677132548776,0.5496845694330242,0.8576660749180336,0.3321869422254831,0.029256914536658983,1.079094774005874,0.03009016138415277
